Workbook

Sheet 1. Tire List - Web Menu
B1: Complete List of Tires: | D1: Tires Organized by Segment: (this will be the "Tires" drop down on the main website navBar)
B3: ADC52 | D3: NEO SERIES LONG HAUL | E3: STANDARD SERIES LONG HAUL
B4: ADC53 | D4: Neo Fuel S | E4: ASL06
B5: ADL58 | D5: NEO FUEL D | E5: ADL58
B6: ADR24 | D6: NEO FUEL D2 | E6: ATL08
B7: ADR26 | D7: NEO FUEL D3
B8: ADR35 | D8: Neo Fuel T+ | E8: STANDARD SERIES REGIONAL
B9: ADR55 | D9: Neo Fuel T2 | E9: ASR30
B10: ADR57 | D10: Neo Fuel T3 | E10: ASR35
B11: ADR69 | D11: Neo Fuel G3 | E11: ASR69
B12: ADR78 | E12: ADR24
B13: ADW80 | D13: NEO/SAILOR SERIES REGIONAL | E13: ADR26
B14: ADW81 | D14: Neo Allroads S | E14: ADR35
B15: ADW82 | D15: Neo Allroads S+ | E15: ADR55
B16: AGC08 | D16: Neo Allroads D | E16: ADR69
B17: AGC28 | D17: Neo Allroads D+ | E17: ADR57
B18: AGC51 | D18: Neo Allroads T2 | E18: AGR26
B19: AGM10 | D19: Sailor ASR79
B20: AGM84 | D20: Sailor ASR79II | E20: STANDARD SERIES ON/OFF ROAD
B21: AGR26 | D21: Sailor ADR78/ADR78 ii | E21: ADC52
B22: ASL01 | E22: ADC53
B23: ASL01T | D23: NEO SERIES ON/OFF ROAD | E23: ADC54
B24: ASL06 | D24: Neo Construct D | E24: AGC08
B25: ASL38 | D25: Neo Construct G | E25: AGC53
B26: ASL67 | E26: AGM10
B27: ASR30 | D27: NEO SERIES WINTER | E27: AGM84
B28: ASR35 | D28: Neo Winter S
B29: ASR65 | D29: Neo Allseason D | E29: STANDARD SERIES WINTER
B30: ASR69 | E30: ADW80
B31: ASR79 | D31: NEO SERIES URBAN | E31: ADW81
B32: ATL08 | D32: Sailor AGB23 | E32: ADW82
B33: ATR65 | D33: Neo Urban G
B34: Neo Allroads D
B35: Neo Allroads D+
B36: Neo Allroads D3
B37: Neo Allroads S
B38: Neo Allroads S+
B39: Neo Allroads T2
B40: Neo Allroads T3
B41: Neo Allseason D
B42: Neo Construct G
B43: Neo Fuel D2
B44: Neo Fuel D3
B45: Neo Fuel G3
... B55: Neo Winter S

Sheet 2. Master Tire Specs  
B1: Tire Name | C1: Size | D1: Ply | E1: Rim Width | F1: Section Width | G1: Overall Diameter | I1: Tread Depth | K1: Max. Load (Single) | O1: Max. Load (Dual) | S1: LI/SS | T1: Smartway | U1: M+S | V1: 3PMSF | W1: Pattern BC | Y1: Notes:
E2: in | F2: in | G2: in | H2: mm | I2: mm | J2: 32nds | K2: lbs | L2: psi | M2: kg | N2: kPa | O2: lbs | P2: psi | Q2: kg | R2: kPa
B3: ADC52 | C3: 11R22.5 | D3: 16 | E3: 8.25 | F3: 11 | G3: 42 | H3: 1068 | I3: 24 | J3: 30.2 | K3: 6614 | L3: 120 | M3: 3000 | N3: 830 | O3: 6008 | P3: 120 | Q3: 2725 | R3: 830 | S3: 146/143K | U3: • | V3: • | W3: ADC52
C4: 13R22.5 | D4: 18 | E4: 9.75 | F4: 12.4 | G4: 44.9 | H4: 1141 | I4: 24 | J4: 30.2 | K4: 8267 | L4: 120 | M4: 3750 | N4: 830 | O4: 7606 | P4: 120 | Q4: 3450 | R4: 830 | S4: 154/151K | U4: • | V4: • | W4: ADC52
C5: 315/80R22.5 | D5: 20 | E5: 9 | F5: 12.5 | G5: 43.1 | H5: 1095 | I5: 23 | J5: 29 | K5: 9094 | L5: 131 | M5: 4125 | N5: 900 | O5: 8267 | P5: 131 | Q5: 3750 | R5: 900 | S5: 157/154K | U5: • | V5: • | W5: ADC52
B6: ADC53 | C6: 11.00R20 | D6: 18 | E6: 8 | F6: 11.3 | G6: 42.9 | H6: 1091 | I6: 19 | J6: 23.3 | K6: 7826 | L6: 135 | M6: 3550 | N6: 930 | O6: 7165 | P6: 135 | Q6: 3250 | R6: 930 | S6: 152/149K | U6: • | V6: • | W6: ADC53
C7: 11R22.5 | D7: 16 | E7: 8.25 | F7: 10.9 | G7: 41.9 | H7: 1065 | I7: 23 | J7: 28.3 | K7: 6614 | L7: 120 | M7: 3000 | N7: 830 | O7: 6008 | P7: 120 | Q7: 2725 | R7: 830 | S7: 146/143L | U7: • | V7: • | W7: ADC53
C8: 11R24.5 | D8: 16 | E8: 8.25 | F8: 11.4 | G8: 43.5 | H8: 1106 | I8: 23 | J8: 28.3 | K8: 7165 | L8: 120 | M8: 3250 | N8: 830 | O8: 6614 | P8: 120 | Q8: 3000 | R8: 830 | S8: 149/146L | U8: • | W8: ADC53
C9: 12.00R20 | D9: 18 | E9: 8.5 | F9: 12.3 | G9: 44.5 | H9: 1129 | I9: 21 | J9: 26 | K9: 8267 | L9: 120 | M9: 3750 | N9: 830 | O9: 7606 | P9: 120 | Q9: 3450 | R9: 830 | S9: 154/151K | U9: • | V9: • | W9: ADC53
C10: 12.00R24 | D10: 20 | E10: 8.5 | F10: 12.3 | G10: 48.4 | H10: 1230 | I10: 21 | J10: 26 | K10: 9921 | L10: 131 | M10: 4500 | N10: 900 | O10: 9094 | P10: 131 | Q10: 4125 | R10: 900 | S10: 160/157K | U10: • | V10: • | W10: ADC53
C11: 12R22.5 | D11: 18 | E11: 9 | F11: 11.9 | G11: 42.6 | H11: 1082 | I11: 20 | J11: 24.6 | K11: 7826 | L11: 135 | M11: 3550 | N11: 930 | O11: 7165 | P11: 135 | Q11: 3250 | R11: 930 | S11: 152/149L | U11: • | V11: • | W11: ADC53
C12: 13R22.5 | D12: 18 | E12: 9.75 | F12: 12.5 | G12: 44.4 | H12: 1128 | I12: 21 | J12: 26 | K12: 8267 | L12: 120 | M12: 3750 | N12: 830 | O12: 7606 | P12: 120 | Q12: 3450 | R12: 830 | S12: 154/151K | U12: • | V12: • | W12: ADC53
C13: 275/70R22.5 | D13: 18 | E13: 8.25 | F13: 10.8 | G13: 38.3 | H13: 972 | I13: 21 | J13: 26 | K13: 6945 | L13: 131 | M13: 3150 | N13: 900 | O13: 6393 | P13: 131 | Q13: 2900 | R13: 900 | S13: 148/145L | U13: • | V13: • | W13: ADC53
C14: 315/80R22.5 | D14: 18 | E14: 9 | F14: 12.4 | G14: 42.8 | H14: 1088 | I14: 20 | J14: 24.6 | K14: 8267 | L14: 120 | M14: 3750 | N14: 830 | O14: 7606 | P14: 120 | Q14: 3450 | R14: 830 | S14: 154/151M | U14: • | V14: • | W14: ADC53
C15: 315/80R22.5 | D15: 20 | E15: 9 | F15: 12.5 | G15: 42.8 | H15: 1088 | I15: 20 | J15: 24.6 | K15: 9094 | L15: 131 | M15: 4125 | N15: 900 | O15: 8267 | P15: 131 | Q15: 3750 | R15: 900 | S15: 157/154M | U15: • | V15: • | W15: ADC53
B16: ADL58 | C16: 11R22.5 | D16: 16 | E16: 8.25 | F16: 11 | G16: 42 | H16: 1066 | I16: 21 | J16: 26 | K16: 6614 | L16: 120 | M16: 3000 | N16: 830 | O16: 6008 | P16: 120 | Q16: 2725 | R16: 830 | S16: 146/143L | U16: • | W16: ADL58-ECO
C17: 11R24.5 | D17: 16 | E17: 8.25 | F17: 11.1 | G17: 43.5 | H17: 1104 | I17: 21 | J17: 26 | K17: 7165 | L17: 120 | M17: 3250 | N17: 830 | O17: 6614 | P17: 120 | Q17: 3000 | R17: 830 | S17: 149/146L | U17: • | W17: ADL58-ECO
B18: ADR24 | C18: 12R24.5 | D18: 18 | E18: 9 | F18: 11.9 | G18: 44.7 | H18: 1135 | I18: 21 | J18: 26 | K18: 8267 | L18: 135 | M18: 3750 | N18: 930 | O18: 7606 | P18: 135 | Q18: 3450 | R18: 930 | S18: 154/151M | U18: • | W18: ADR24
B19: ADR26 | C19: 10.00R20 | D19: 18 | E19: 7.5 | F19: 10.7 | G19: 41.6 | H19: 1056 | I19: 18 | J19: 22 | K19: 7165 | L19: 135 | M19: 3250 | N19: 930 | O19: 6614 | P19: 135 | Q19: 3000 | R19: 930 | S19: 149/146K | U19: • | V19: • | W19: ADR26
C20: 11.00R20 | D20: 18 | E20: 8 | F20: 11.3 | G20: 43 | H20: 1091 | I20: 19 | J20: 23.3 | K20: 7826 | L20: 135 | M20: 3550 | N20: 930 | O20: 7165 | P20: 135 | Q20: 3250 | R20: 930 | S20: 152/149L | U20: • | V20: • | W20: ADR26
C21: 11R22.5 | D21: 16 | E21: 8.25 | F21: 11 | G21: 41.8 | H21: 1063 | I21: 21 | J21: 26 | K21: 6945 | L21: 120 | M21: 3150 | N21: 830 | O21: 6173 | P21: 120 | Q21: 2800 | R21: 830 | S21: 148/144M | U21: • | V21: • | W21: ADR26
C22: 11R24.5 | D22: 16 | E22: 8.25 | F22: 11.1 | G22: 43.5 | H22: 1104 | I22: 21 | J22: 26 | K22: 7165 | L22: 120 | M22: 3250 | N22: 830 | O22: 6614 | P22: 120 | Q22: 3000 | R22: 830 | S22: 149/146L | U22: • | W22: ADR26
C23: 12.00R20 | D23: 22 | E23: 8.5 | F23: 12.3 | G23: 44.4 | H23: 1127 | I23: 19 | J23: 23.9 | K23: 9370 | L23: 141 | M23: 4250 | N23: 970 | O23: 8543 | P23: 141 | Q23: 3875 | R23: 970 | S23: 158/155J | U23: • | V23: • | W23: ADR26
C24: 9.00R20 | D24: 16 | E24: 7 | F24: 10.2 | G24: 40.4 | H24: 1025 | I24: 17 | J24: 21.4 | K24: 6173 | L24: 131 | M24: 2800 | N24: 900 | O24: 5842 | P24: 131 | Q24: 2650 | R24: 900 | S24: 144/142M | U24: • | V24: • | W24: ADR26
B25: ADR35 | C25: 205/75R17.5 | D25: 14 | E25: 6 | F25: 8.2 | G25: 29.8 | H25: 757 | I25: 16 | J25: 20.2 | K25: 3417 | L25: 110 | M25: 1550 | N25: 760 | O25: 3197 | P25: 110 | Q25: 1450 | R25: 760 | S25: 124/122M | U25: • | V25: • | W25: ADR35
C26: 215/75R17.5 | D26: 18 | E26: 6 | F26: 8.4 | G26: 30.3 | H26: 769 | I26: 16 | J26: 20.2 | K26: 4806 | L26: 120 | M26: 2180 | N26: 830 | O26: 4542 | P26: 120 | Q26: 2060 | R26: 830 | S26: 135/133J | U26: • | V26: • | W26: ADR35
C27: 235/75R17.5 | D27: 18 | E27: 6.75 | F27: 9.3 | G27: 31.5 | H27: 801 | I27: 17 | J27: 21.4 | K27: 6008 | L27: 131 | M27: 2725 | N27: 900 | O27: 5677 | P27: 131 | Q27: 2575 | R27: 900 | S27: 143/141J | U27: • | V27: • | W27: ADR35
C28: 245/70R17.5 | D28: 18 | E28: 7.5 | F28: 9.9 | G28: 31.2 | H28: 792 | I28: 17 | J28: 20.8 | K28: 4938 | L28: 131 | M28: 2240 | N28: 900 | O28: 4674 | P28: 131 | Q28: 2120 | R28: 900 | S28: 136/134M | U28: • | V28: • | W28: ADR35
B29: ADR55 | C29: 10R22.5 | D29: 16 | E29: 7.5 | F29: 10.2 | G29: 40.4 | H29: 1025 | I29: 16 | J29: 19.5 | K29: 6173 | L29: 131 | M29: 2800 | N29: 900 | O29: 5842 | P29: 131 | Q29: 2650 | R29: 900 | S29: 144/142M | U29: • | V29: • | W29: ADR55
C30: 12R22.5 | D30: 18 | E30: 9 | F30: 11.8 | G30: 42.9 | H30: 1090 | I30: 23 | J30: 29 | K30: 7826 | L30: 135 | M30: 3550 | N30: 930 | O30: 7165 | P30: 135 | Q30: 3250 | R30: 930 | S30: 152/149M | U30: • | V30: • | W30: ADR55
C31: 255/70R22.5 | D31: 16 | E31: 7.5 | F31: 10 | G31: 36.9 | H31: 936 | I31: 20 | J31: 25.2 | K31: 5512 | L31: 120 | M31: 2500 | N31: 830 | O31: 5071 | P31: 120 | Q31: 2300 | R31: 830 | S31: 140/137M | U31: • | V31: • | W31: ADR55
C32: 275/70R22.5 | D32: 18 | E32: 8.25 | F32: 10.8 | G32: 38.4 | H32: 975 | I32: 20 | J32: 25.2 | K32: 6945 | L32: 131 | M32: 3150 | N32: 900 | O32: 6393 | P32: 131 | Q32: 2900 | R32: 900 | S32: 148/145M | U32: • | V32: • | W32: ADR55
B33: ADR57 | C33: 11R22.5 | D33: 16 | E33: 8.25 | F33: 10.9 | G33: 41.9 | H33: 1063 | I33: 21 | J33: 26 | K33: 6614 | L33: 120 | M33: 3000 | N33: 830 | O33: 6008 | P33: 120 | Q33: 2725 | R33: 830 | S33: 146/143M | U33: • | W33: ADR57
C34: 11R24.5 | D34: 16 | E34: 8.25 | F34: 11.1 | G34: 43.5 | H34: 1104 | I34: 21 | J34: 26 | K34: 7165 | L34: 120 | M34: 3250 | N34: 830 | O34: 6614 | P34: 120 | Q34: 3000 | R34: 830 | S34: 149/146M | U34: • | W34: ADR57
B35: ADR69 | C35: 315/70R22.5 | D35: 18 | E35: 9 | F35: 12.3 | G35: 40.5 | H35: 1029 | I35: 23 | J35: 29 | K35: 7606 | L35: 120 | M35: 3450 | N35: 830 | O35: 6945 | P35: 120 | Q35: 3150 | R35: 830 | S35: 152/148M | U35: • | V35: • | W35: ADR69
C36: 315/80R22.5 | D36: 20 | E36: 9 | F36: 12.6 | G36: 43.1 | H36: 1094 | I36: 23 | J36: 29 | K36: 9094 | L36: 131 | M36: 4125 | N36: 900 | O36: 8267 | P36: 131 | Q36: 3750 | R36: 900 | S36: 157/154M | U36: • | V36: • | W36: ADR69
B37: ADR78 | C37: 12R22.5 | D37: 18 | E37: 9 | F37: 11.9 | G37: 43.1 | H37: 1096 | I37: 23 | J37: 28.3 | K37: 7826 | L37: 135 | M37: 3550 | N37: 930 | O37: 7165 | P37: 135 | Q37: 3250 | R37: 930 | S37: 152/149M | U37: • | W37: ADR78
C38: 245/70R19.5 | D38: 18 | E38: 7.5 | F38: 9.8 | G38: 33.7 | H38: 855 | I38: 17 | J38: 21.4 | K38: 6173 | L38: 131 | M38: 2800 | N38: 900 | O38: 5842 | P38: 131 | Q38: 2650 | R38: 900 | S38: 144/142J | U38: • | V38: • | W38: ADR78
B39: ADW80 | C39: 315/70R22.5 | D39: 18 | E39: 9 | F39: 12.4 | G39: 40.7 | H39: 1033 | I39: 24 | J39: 30.2 | K39: 7606 | L39: 120 | M39: 3450 | N39: 830 | O39: 6945 | P39: 120 | Q39: 3150 | R39: 830 | S39: 152/148M | U39: • | V39: • | W39: ADW80
C40: 315/80R22.5 | D40: 18 | E40: 9 | F40: 12.6 | G40: 43.2 | H40: 1096 | I40: 24 | J40: 30.2 | K40: 8267 | L40: 120 | M40: 3750 | N40: 830 | O40: 7606 | P40: 120 | Q40: 3450 | R40: 830 | S40: 154/151M | U40: • | V40: • | W40: ADW80
C41: 315/80R22.5 | D41: 20 | E41: 9 | F41: 12.6 | G41: 43.2 | H41: 1096 | I41: 24 | J41: 30.2 | K41: 9094 | L41: 131 | M41: 4125 | N41: 900 | O41: 8267 | P41: 131 | Q41: 3750 | R41: 900 | S41: 157/154M | U41: • | V41: • | W41: ADW80
B42: ADW81 | C42: 11R22.5 | D42: 16 | E42: 8.25 | F42: 10.9 | G42: 41.9 | H42: 1065 | I42: 21 | J42: 26.5 | K42: 6614 | L42: 120 | M42: 3000 | N42: 830 | O42: 6008 | P42: 120 | Q42: 2725 | R42: 830 | S42: 146/143M | U42: • | V42: • | W42: ADW81
C43: 11R24.5 | D43: 16 | E43: 8.25 | F43: 11.4 | G43: 43.5 | H43: 1105 | I43: 21 | J43: 26.5 | K43: 7165 | L43: 120 | M43: 3250 | N43: 830 | O43: 6614 | P43: 120 | Q43: 3000 | R43: 830 | S43: 149/146M | U43: • | V43: • | W43: ADW81
B44: ADW82 | C44: 225/70R19.5 | D44: 14 | E44: 6.75 | F44: 8.9 | G44: 32 | H44: 812 | I44: 15 | J44: 18.9 | K44: 3968 | L44: 110 | M44: 1800 | N44: 760 | O44: 3748 | P44: 110 | Q44: 1700 | R44: 760 | S44: 128/126M | U44: • | V44: • | W44: ADW82
C45: 245/70R19.5 | D45: 16 | E45: 7.5 | F45: 9.8 | G45: 33.3 | H45: 845 | I45: 16 | J45: 19.5 | K45: 4938 | L45: 120 | M45: 2240 | N45: 830 | O45: 4674 | P45: 120 | Q45: 2120 | R45: 830 | S45: 136/134M | U45: • | V45: • | W45: ADW82
B46: AGC08 | C46: 10.00R20 | D46: 16 | E46: 7.5 | F46: 10.7 | G46: 41.4 | H46: 1051 | I46: 17 | J46: 20.8 | K46: 6614 | L46: 120 | M46: 3000 | N46: 830 | O46: 6008 | P46: 120 | Q46: 2725 | R46: 830 | S46: 146/143K | U46: • | V46: • | W46: AGC08
C47: 10.00R20 | D47: 18 | E47: 7.5 | F47: 10.9 | G47: 41.5 | H47: 1053 | I47: 17 | J47: 20.8 | K47: 7165 | L47: 135 | M47: 3250 | N47: 930 | O47: 6614 | P47: 135 | Q47: 3000 | R47: 930 | S47: 149/146K | U47: • | V47: • | W47: AGC08
C48: 11.00R20 | D48: 18 | E48: 8 | F48: 11.4 | G48: 42.8 | H48: 1087 | I48: 17 | J48: 21.4 | K48: 7826 | L48: 135 | M48: 3550 | N48: 930 | O48: 7165 | P48: 135 | Q48: 3250 | R48: 930 | S48: 152/149K | U48: • | V48: • | W48: AGC08
C49: 11.00R20 | D49: 16 | E49: 8 | F49: 11.3 | G49: 42.7 | H49: 1086 | I49: 17 | J49: 21.4 | K49: 7385 | L49: 120 | M49: 3350 | N49: 830 | O49: 6779 | P49: 120 | Q49: 3075 | R49: 830 | S49: 150/147K | U49: • | V49: • | W49: AGC08
C50: 11R22.5 | D50: 16 | E50: 8.25 | F50: 10.9 | G50: 41.5 | H50: 1055 | I50: 17 | J50: 21.4 | K50: 6614 | L50: 120 | M50: 3000 | N50: 830 | O50: 6008 | P50: 120 | Q50: 2725 | R50: 830 | S50: 146/143L | U50: • | V50: • | W50: AGC08
C51: 11R24.5 | D51: 16 | E51: 8.25 | F51: 11.4 | G51: 43.1 | H51: 1094 | I51: 17 | J51: 20.8 | K51: 7165 | L51: 120 | M51: 3250 | N51: 830 | O51: 6614 | P51: 120 | Q51: 3000 | R51: 830 | S51: 149/146L | W51: AGC08
C52: 12.00R20 | D52: 20 | E52: 8.5 | F52: 11.9 | G52: 44.1 | H52: 1121 | I52: 18 | J52: 22 | K52: 8818 | L52: 131 | M52: 4000 | N52: 900 | O52: 8047 | P52: 131 | Q52: 3650 | R52: 900 | S52: 156/153K | U52: • | V52: • | W52: AGC08
C53: 12.00R24 | D53: 20 | E53: 8.5 | F53: 12.4 | G53: 48.1 | H53: 1221 | I53: 18 | J53: 22 | K53: 9921 | L53: 131 | M53: 4500 | N53: 900 | O53: 9094 | P53: 131 | Q53: 4125 | R53: 900 | S53: 160/157K | U53: • | V53: • | W53: AGC08
C54: 12R22.5 | D54: 18 | E54: 9 | F54: 12.1 | G54: 42.4 | H54: 1077 | I54: 17 | J54: 21.4 | K54: 7826 | L54: 135 | M54: 3550 | N54: 930 | O54: 7165 | P54: 135 | Q54: 3250 | R54: 930 | S54: 152/149L | U54: • | V54: • | W54: AGC08
C55: 12R24.5 | D55: 18 | E55: 9 | F55: 11.9 | G55: 44.4 | H55: 1127 | I55: 17 | J55: 21.4 | K55: 8267 | L55: 135 | M55: 3750 | N55: 930 | O55: 7606 | P55: 135 | Q55: 3450 | R55: 930 | S55: 154/151L | W55: AGC08
C56: 315/80R22.5 | D56: 20 | E56: 9 | F56: 12.6 | G56: 42.5 | H56: 1081 | I56: 17 | J56: 20.8 | K56: 10196 | L56: 131 | M56: 4625 | N56: 900 | O56: 8267 | P56: 131 | Q56: 3750 | R56: 900 | S56: 161/154K | U56: • | V56: • | W56: AGC08
C57: 315/80R22.5 | D57: 22 | E57: 9 | F57: 12.6 | G57: 42.5 | H57: 1081 | I57: 17 | J57: 20.8 | K57: 9998 | L57: 131 | M57: 4535 | N57: 900 | O57: 9094 | P57: 131 | Q57: 4125 | R57: 900 | S57: 160/157L | U57: • | W57: AGC08
C58: 9.00R20 | D58: 16 | E58: 7 | F58: 10.2 | G58: 45.2 | H58: 1147 | I58: 16 | J58: 19.5 | K58: 6173 | L58: 131 | M58: 2800 | N58: 900 | O58: 5842 | P58: 131 | Q58: 2650 | R58: 900 | S58: 144/142K | U58: • | V58: • | W58: AGC08
B59: AGC28 | C59: 215/75R17.5 | D59: 18 | E59: 6 | F59: 8.5 | G59: 30.2 | H59: 767 | I59: 16 | J59: 19.5 | K59: 4806 | L59: 120 | M59: 2180 | N59: 830 | O59: 4542 | P59: 120 | Q59: 2060 | R59: 830 | S59: 135/133J | U59: • | V59: • | W59: AGC28
C60: 235/75R17.5 | D60: 18 | E60: 6.75 | F60: 9.3 | G60: 31.7 | H60: 804 | I60: 17 | J60: 20.8 | K60: 6008 | L60: 131 | M60: 2725 | N60: 900 | O60: 5677 | P60: 131 | Q60: 2575 | R60: 900 | S60: 143/141J | U60: • | V60: • | W60: AGC28
C61: 245/70R17.5 | D61: 18 | E61: 7.5 | F61: 9.9 | G61: 31.2 | H61: 791 | I61: 17 | J61: 20.8 | K61: 6008 | L61: 131 | M61: 2725 | N61: 900 | O61: 5677 | P61: 131 | Q61: 2575 | R61: 900 | S61: 143/141J | U61: • | V61: • | W61: AGC28
C62: 255/70R22.5 | D62: 16 | E62: 7.5 | F62: 10.1 | G62: 36.9 | H62: 937 | I62: 18 | J62: 22 | K62: 5512 | L62: 120 | M62: 2500 | N62: 830 | O62: 5071 | P62: 120 | Q62: 2300 | R62: 830 | S62: 140/137M | U62: • | V62: • | W62: AGC28
C63: 275/70R22.5 | D63: 18 | E63: 8.25 | F63: 10.8 | G63: 38.2 | H63: 970 | I63: 18 | J63: 22 | K63: 6945 | L63: 131 | M63: 3150 | N63: 900 | O63: 6393 | P63: 131 | Q63: 2900 | R63: 900 | S63: 148/145M | U63: • | V63: • | W63: AGC28
C64: 385/65R22.5 | D64: 20 | E64: 11.75 | F64: 15.2 | G64: 42.1 | H64: 1070 | I64: 17 | J64: 21.2 | K64: 11023 | L64: 131 | M64: 5000 | N64: 900 | S64: 164K | U64: • | V64: • | W64: AGC28
C65: 425/65R22.5 | D65: 20 | E65: 12.25 | F65: 16.6 | G65: 44.1 | H65: 1121 | I65: 17 | J65: 20.8 | K65: 11354 | L65: 120 | M65: 5150 | N65: 830 | S65: 165K | U65: • | V65: • | W65: AGC28
C66: 445/65R22.5 | D66: 20 | E66: 13 | F66: 17.5 | G66: 45.2 | H66: 1148 | I66: 17 | J66: 20.8 | K66: 12787 | L66: 131 | M66: 5800 | N66: 900 | S66: 169K | U66: • | V66: • | W66: AGC28
B67: AGC51 | C67: 12.00R24 | D67: 20 | E67: 8.5 | F67: 12.5 | G67: 48.2 | H67: 1223 | I67: 18 | J67: 22 | K67: 9921 | L67: 131 | M67: 4500 | N67: 900 | O67: 9094 | P67: 131 | Q67: 4125 | R67: 900 | S67: 160/157K | U67: • | V67: • | W67: AGC51
C68: 315/80R22.5 | D68: 20 | E68: 9 | F68: 12.6 | G68: 42.5 | H68: 1080 | I68: 17 | J68: 20.8 | K68: 9094 | L68: 131 | M68: 4125 | N68: 900 | O68: 8267 | P68: 131 | Q68: 3750 | R68: 900 | S68: 157/154L | U68: • | V68: • | W68: AGC51
B69: AGM10 | C69: 10.00R20 | D69: 18 | E69: 7.5 | F69: 10.8 | G69: 41.9 | H69: 1064 | I69: 22 | J69: 27.7 | K69: 7165 | L69: 135 | M69: 3250 | N69: 930 | O69: 6614 | P69: 135 | Q69: 3000 | R69: 930 | S69: 149/146F | U69: ML | W69: AGM10
C70: 11R22.5 | D70: 16 | E70: 8.25 | F70: 10.9 | G70: 41.9 | H70: 1065 | I70: 22 | J70: 27.7 | K70: 6614 | L70: 120 | M70: 3000 | N70: 830 | O70: 6008 | P70: 120 | Q70: 2725 | R70: 830 | S70: 146/143G | U70: ML | W70: AGM10
C71: 12.00R20 | D71: 20 | E71: 8.5 | F71: 12 | G71: 44.7 | H71: 1134 | I71: 22 | J71: 27.1 | K71: 8818 | L71: 131 | M71: 4000 | N71: 900 | O71: 8047 | P71: 131 | Q71: 3650 | R71: 900 | S71: 156/153F | U71: ML | W71: AGM10
C72: 12.00R24 | D72: 20 | E72: 8.5 | F72: 12.3 | G72: 48.5 | H72: 1233 | I72: 23 | J72: 29 | K72: 9921 | L72: 131 | M72: 4500 | N72: 900 | O72: 9094 | P72: 131 | Q72: 4125 | R72: 900 | S72: 160/157F | U72: ML | W72: AGM10
C73: 12R22.5 | D73: 18 | E73: 9 | F73: 12 | G73: 42.8 | H73: 1087 | I73: 22 | J73: 27.1 | K73: 7826 | L73: 135 | M73: 3550 | N73: 930 | O73: 7165 | P73: 135 | Q73: 3250 | R73: 930 | S73: 152/149G | U73: ML | W73: AGM10
C74: 13R22.5 | D74: 18 | E74: 9.75 | F74: 12.4 | G74: 44.8 | H74: 1137 | I74: 23 | J74: 28.3 | K74: 8267 | L74: 120 | M74: 3750 | N74: 830 | O74: 7606 | P74: 120 | Q74: 3450 | R74: 830 | S74: 154/151G | U74: ML | W74: AGM10
B75: AGM84 | C75: 11R22.5 | D75: 16 | E75: 8.25 | F75: 10.9 | G75: 42.3 | H75: 1075 | I75: 26 | J75: 32.8 | K75: 6614 | L75: 120 | M75: 3000 | N75: 830 | O75: 6008 | P75: 120 | Q75: 2725 | R75: 830 | S75: 146/143G | U75: ML | W75: AGM84
C76: 11R24.5 | D76: 16 | E76: 8.25 | F76: 11.5 | G76: 43.9 | H76: 1116 | I76: 26 | J76: 32.8 | K76: 7165 | L76: 120 | M76: 3250 | N76: 830 | O76: 6614 | P76: 120 | Q76: 3000 | R76: 830 | S76: 149/146G | U76: ML | W76: AGM84
B77: AGR26 | C77: 11R22.5 | D77: 16 | E77: 8.25 | F77: 10.9 | G77: 41.6 | H77: 1057 | I77: 19 | J77: 23.3 | K77: 6614 | L77: 120 | M77: 3000 | N77: 830 | O77: 6008 | P77: 120 | Q77: 2725 | R77: 830 | S77: 146/143L | W77: AGR26
C78: 11R24.5 | D78: 16 | E78: 8.25 | F78: 11.4 | G78: 43.3 | H78: 1100 | I78: 19 | J78: 23.3 | K78: 7165 | L78: 120 | M78: 3250 | N78: 830 | O78: 6614 | P78: 120 | Q78: 3000 | R78: 830 | S78: 149/146L | W78: AGR26
C79: 315/80R22.5 | D79: 20 | E79: 9 | F79: 12.6 | G79: 42.5 | H79: 1080 | I79: 19 | J79: 23.3 | K79: 10196 | L79: 131 | M79: 4625 | N79: 900 | O79: 8267 | P79: 131 | Q79: 3750 | R79: 900 | S79: 161/154K | W79: AGR26
B80: ASL01 | C80: 295/60R22.5 | D80: 18 | E80: 9 | F80: 11.5 | G80: 37.5 | H80: 952 | I80: 16 | J80: 20.2 | K80: 7385 | L80: 131 | M80: 3350 | N80: 900 | O80: 6779 | P80: 131 | Q80: 3075 | R80: 900 | S80: 150/147K | U80: • | W80: ASL01
C81: 315/70R22.5 | D81: 20 | E81: 9 | F81: 12.3 | G81: 39.9 | H81: 1013 | I81: 16 | J81: 19.5 | K81: 8818 | L81: 131 | M81: 4000 | N81: 900 | O81: 7385 | P81: 131 | Q81: 3350 | R81: 900 | S81: 156/150L | U81: • | W81: ASL01
B82: ASL01T | C82: 245/70R19.5 | D82: 20 | E82: 7.5 | F82: 9.8 | G82: 33.4 | H82: 849 | I82: 14 | J82: 17 | K82: 6173 | L82: 131 | M82: 2800 | N82: 900 | O82: 5842 | P82: 131 | Q82: 2650 | R82: 900 | S82: 144/142J | U82: • | W82: ASL01T
B83: ASL06 | C83: 10.00R20 | D83: 18 | E83: 7.5 | F83: 10.9 | G83: 41.4 | H83: 1050 | I83: 15 | J83: 18.9 | K83: 7165 | L83: 135 | M83: 3250 | N83: 930 | O83: 6614 | P83: 135 | Q83: 3000 | R83: 930 | S83: 149/146L | W83: ASL06
C84: 11R22.5 | D84: 16 | E84: 8.25 | F84: 10.9 | G84: 41.4 | H84: 1051 | I84: 15 | J84: 18.9 | K84: 6614 | L84: 120 | M84: 3000 | N84: 830 | O84: 6008 | P84: 120 | Q84: 2725 | R84: 830 | S84: 146/143M | W84: ASL06
C85: 9.00R20 | D85: 16 | E85: 7 | F85: 10 | G85: 40.1 | H85: 1019 | I85: 14 | J85: 17.6 | K85: 6173 | L85: 131 | M85: 2800 | N85: 900 | O85: 5842 | P85: 131 | Q85: 2650 | R85: 900 | S85: 144/142L | W85: ASL06
B86: ASL38 | C86: 305/75R24.5 | D86: 16 | E86: 9 | F86: 11.8 | G86: 42.4 | H86: 1078 | I86: 14 | J86: 17.6 | K86: 7826 | L86: 110 | M86: 3550 | N86: 760 | O86: 6945 | P86: 110 | Q86: 3150 | R86: 760 | S86: 152/148M | U86: • | W86: ASL38
B87: ASL67 | C87: 11R22.5 | D87: 16 | E87: 8.25 | F87: 11.1 | G87: 41.4 | H87: 1052 | I87: 15 | J87: 18.9 | K87: 6614 | L87: 120 | M87: 3000 | N87: 830 | O87: 6008 | P87: 120 | Q87: 2725 | R87: 830 | S87: 146/143M | T87: • | U87: • | W87: ASL67-ECO
C88: 11R24.5 | D88: 16 | E88: 8.25 | F88: 11.3 | G88: 43.1 | H88: 1094 | I88: 15 | J88: 18.9 | K88: 7165 | L88: 120 | M88: 3250 | N88: 830 | O88: 6614 | P88: 120 | Q88: 3000 | R88: 830 | S88: 149/146M | T88: • | W88: ASL67-ECO
B89: ASR30 | C89: 10.00R15 | D89: 18 | E89: 7.5 | F89: 11.1 | G89: 36.3 | H89: 923 | I89: 14 | J89: 17 | K89: 6945 | L89: 125 | M89: 3150 | N89: 860 | O89: 6393 | P89: 125 | Q89: 2900 | R89: 860 | S89: 148/145K | U89: • | V89: • | W89: ASR30
C90: 11R22.5 | D90: 16 | E90: 8.25 | F90: 11.1 | G90: 41.6 | H90: 1055 | I90: 16 | J90: 20.2 | K90: 6614 | L90: 120 | M90: 3000 | N90: 830 | O90: 6008 | P90: 120 | Q90: 2725 | R90: 830 | S90: 146/143M | W90: ASR30
C91: 255/70R22.5 | D91: 16 | E91: 7.5 | F91: 10.1 | G91: 36.5 | H91: 928 | I91: 15 | J91: 18.3 | K91: 5512 | L91: 120 | M91: 2500 | N91: 830 | O91: 5071 | P91: 120 | Q91: 2300 | R91: 830 | S91: 140/137M | U91: • | V91: • | W91: ASR30
C92: 275/70R22.5 | D92: 18 | E92: 8.25 | F92: 10.7 | G92: 37.9 | H92: 963 | I92: 15 | J92: 18.9 | K92: 6945 | L92: 131 | M92: 3150 | N92: 900 | O92: 6393 | P92: 131 | Q92: 2900 | R92: 900 | S92: 148/145M | U92: • | V92: • | W92: ASR30
C93: 8.25R15 | D93: 18 | E93: 6.5 | F93: 9.3 | G93: 32.9 | H93: 835 | I93: 13 | J93: 16.4 | K93: 5071 | L93: 125 | M93: 2300 | N93: 860 | O93: 4938 | P93: 125 | Q93: 2240 | R93: 860 | S93: 137/136K | U93: • | V93: • | W93: ASR30
B94: ASR35 | C94: 205/75R17.5 | D94: 14 | E94: 6 | F94: 8 | G94: 29.6 | H94: 752 | I94: 13 | J94: 16.4 | K94: 3527 | L94: 110 | M94: 1600 | N94: 760 | O94: 3307 | P94: 110 | Q94: 1500 | R94: 760 | S94: 124/122M | U94: • | V94: • | W94: ASR35
C95: 215/75R17.5 | D95: 18 | E95: 6 | F95: 8.4 | G95: 30 | H95: 762 | I95: 13 | J95: 16.4 | K95: 4806 | L95: 120 | M95: 2180 | N95: 830 | O95: 4542 | P95: 120 | Q95: 2060 | R95: 830 | S95: 135/133J | U95: • | V95: • | W95: ASR35
C96: 235/75R17.5 | D96: 18 | E96: 6.75 | F96: 9.3 | G96: 31.2 | H96: 793 | I96: 13 | J96: 16.4 | K96: 6008 | L96: 120 | M96: 2725 | N96: 830 | O96: 5677 | P96: 120 | Q96: 2575 | R96: 830 | S96: 143/141J | U96: • | V96: • | W96: ASR35
B97: ASR65 | C97: 10R22.5 | D97: 16 | E97: 7.5 | F97: 9.9 | G97: 40.1 | H97: 1019 | I97: 15 | J97: 18.3 | K97: 6173 | L97: 131 | M97: 2800 | N97: 900 | O97: 5842 | P97: 131 | Q97: 2650 | R97: 900 | S97: 144/142M | U97: • | W97: ASR65
C98: 275/70R22.5 | D98: 18 | E98: 8.25 | F98: 10.9 | G98: 37.9 | H98: 964 | I98: 15 | J98: 18.9 | K98: 6945 | L98: 131 | M98: 3150 | N98: 900 | O98: 6393 | P98: 131 | Q98: 2900 | R98: 900 | S98: 148/145M | U98: • | W98: ASR65
B99: ASR69 | C99: 315/70R22.5 | D99: 18 | E99: 9 | F99: 12.2 | G99: 40 | H99: 1016 | I99: 17 | J99: 20.8 | K99: 8818 | L99: 120 | M99: 4000 | N99: 830 | O99: 7385 | P99: 120 | Q99: 3350 | R99: 830 | S99: 156/150L | U99: • | V99: • | W99: ASR69
C100: 315/80R22.5 | D100: 20 | E100: 9 | F100: 8.5 | G100: 42.5 | H100: 1080 | I100: 17 | J100: 20.8 | K100: 9094 | L100: 131 | M100: 4125 | N100: 900 | O100: 8267 | P100: 131 | Q100: 3750 | R100: 900 | S100: 157/154M | U100: • | V100: • | W100: ASR69
...

Sheet 3.Tire Content
A2: Tire Name | B2: ='2. Master Tire Specs '!B173
B4: Size | C4: Ply | D4: Rim Width | E4: Section Width | F4: Overall Diameter | H4: Tread Depth | J4: Max. Load (Single) | N4: Max. Load (Dual) | R4: LI/SS | S4: Smartway | T4: M+S | U4: 3PMSF
B5: {='2. Master Tire Specs '!C173:V175} | C5: 16 | D5: 9 | E5: 296 | F5: 39.9 | G5: 1014 | H5: 15 | I5: 18.9 | J5: 6600 | K5: 120 | L5: 3000 | M5: 830 | N5: 5995 | O5: 120 | P5: 2725 | Q5: 830 | R5: 146/143M | S5: 0 | T5: • | U5: 0
B6: 11R22.5 | C6: 16 | D6: 8.25 | E6: 11.1 | F6: 41.4 | G6: 1051 | H6: 15 | I6: 18.9 | J6: 6614 | K6: 120 | L6: 3000 | M6: 830 | N6: 6008 | O6: 120 | P6: 2725 | Q6: 830 | R6: 146/143M | S6: • | T6: • | U6: 0
B7: 11R24.5 | C7: 16 | D7: 8.25 | E7: 11.4 | F7: 43 | G7: 1093 | H7: 15 | I7: 18.9 | J7: 7165 | K7: 120 | L7: 3250 | M7: 830 | N7: 6614 | O7: 120 | P7: 3000 | Q7: 830 | R7: 149/146M | S7: • | T7: • | U7: 0
A10: Segment/Category | B10: Premium Long Haul
A11: subtitle | B11: Engineered for long-distance journeys ensuring high-speed stability, fuel efficiency, and endurance mile after mile.
A13: Tire hero image | B13: hero-1
A14: bgTruck | B14: bg-long-haul-1
A15: pos | B15: pos-steer-tire
A17: Bullet points | B17: 4 longitudinal grooves on the tread providing excellent guiding performance.
B18: Optimized ground pressure distribution to ensure product life.
B19: SATT construction for better endurance, effectively securing tire life.
B20: Low rolling resistance formula in tread to maximize fuel efficiency.
A22: Feature title 1 | B22: OPTIMIZED Z-SHAPED GROOVE DESIGN
A23: Feature body 1 | B23: Z-shaped straight grooves with optimized geometry and higher pattern saturation ensure even wear and higher mileage, delivering long-lasting tread life and consistent performance on long-haul routes.
A24: Feature image 1 | B24: Neo-Fuel-G3-f1
A26: Feature title 2 | B26: CLOSED SHOULDER STRUCTURE
A27: Feature body 2 | B27: A reinforced closed shoulder design enhances heat dissipation and traction while maintaining even wear performance—improving handling stability and extending tire durability.
A28: Feature image 2 | B28: Neo-Fuel-G3-f2
A30: Feature title 3 | B30: ADVANCED 3D SIPE TECHNOLOGY
A31: Feature body 3 | B31: New 3D sipe solutions in the central and shoulder tread blocks enable better block movement, enhancing snow grip and traction while providing regular wear, lower rolling resistance, reduced noise, and improved control in both dry and wet conditions.
A32: Feature image 3 | B32: Neo-Fuel-G3-f3
A36: Tire Name | B36: ='2. Master Tire Specs '!B3
B38: Size | C38: Ply | D38: Rim Width | E38: Section Width | F38: Overall Diameter | H38: Tread Depth | J38: Max. Load (Single) | N38: Max. Load (Dual) | R38: LI/SS | S38: Smartway | T38: M+S | U38: 3PMSF
B39: {='2. Master Tire Specs '!C3:V5}
A44: Segment/Category
A45: subtitle
A47: Tire hero image
A48: bgTruck
A49: pos
A51: Bullet points
A56: Feature title 1
A57: Feature body 1
A58: Feature image 1
A60: Feature title 2
A61: Feature body 2
A62: Feature image 2
... A66: Feature image 3
A69: Tire Name | B69: ='2. Master Tire Specs '!B6
B71: Size | C71: Ply | D71: Rim Width | E71: Section Width | F71: Overall Diameter | H71: Tread Depth | J71: Max. Load (Single) | N71: Max. Load (Dual) | R71: LI/SS | S71: Smartway | T71: M+S | U71: 3PMSF
B72: {='2. Master Tire Specs '!C6:V15}
A84: Segment/Category
A85: subtitle
A87: Tire hero image
A88: bgTruck
A89: pos
A91: Bullet points
A96: Feature title 1
A97: Feature body 1
A98: Feature image 1
A100: Feature title 2
A101: Feature body 2
A102: Feature image 2
... A106: Feature image 3
A108: Tire Name | B108: ='2. Master Tire Specs '!B16
B110: Size | C110: Ply | D110: Rim Width | E110: Section Width | F110: Overall Diameter | H110: Tread Depth | J110: Max. Load (Single) | N110: Max. Load (Dual) | R110: LI/SS | S110: Smartway | T110: M+S | U110: 3PMSF
B111: {='2. Master Tire Specs '!C16:V17}
B113: 0 | C113: 0 | D113: 0 | E113: 0 | F113: 0 | G113: 0 | H113: 0 | I113: 0 | J113: 0 | K113: 0 | L113: 0 | M113: 0 | N113: 0 | O113: 0 | P113: 0 | Q113: 0 | R113: 0 | S113: 0 | T113: 0 | U113: 0
A116: Segment/Category
A117: subtitle
A119: Tire hero image
A120: bgTruck
A121: pos
A123: Bullet points
A128: Feature title 1
A129: Feature body 1
A130: Feature image 1
A132: Feature title 2
A133: Feature body 2
A134: Feature image 2
... A138: Feature image 3
A141: Tire Name | B141: (get from 2. Master Tire Specs, Col B)
B143: Size | C143: Ply | D143: Rim Width | E143: Section Width | F143: Overall Diameter | H143: Tread Depth | J143: Max. Load (Single) | N143: Max. Load (Dual) | R143: LI/SS | S143: Smartway | T143: M+S | U143: 3PMSF
B144: {='2. Master Tire Specs '!C308:V310} | C144: 0 | D144: 0 | E144: 0 | F144: 0 | G144: 0 | H144: 0 | I144: 0 | J144: 0 | K144: 0 | L144: 0 | M144: 0 | N144: 0 | O144: 0 | P144: 0 | Q144: 0 | R144: 0 | S144: 0 | T144: 0 | U144: 0
B145: 0 | C145: 0 | D145: 0 | E145: 0 | F145: 0 | G145: 0 | H145: 0 | I145: 0 | J145: 0 | K145: 0 | L145: 0 | M145: 0 | N145: 0 | O145: 0 | P145: 0 | Q145: 0 | R145: 0 | S145: 0 | T145: 0 | U145: 0
B146: 0 | C146: 0 | D146: 0 | E146: 0 | F146: 0 | G146: 0 | H146: 0 | I146: 0 | J146: 0 | K146: 0 | L146: 0 | M146: 0 | N146: 0 | O146: 0 | P146: 0 | Q146: 0 | R146: 0 | S146: 0 | T146: 0 | U146: 0
A149: Segment/Category
A150: subtitle
A152: Tire hero image
A153: bgTruck
A154: pos
A156: Bullet points
A161: Feature title 1
A162: Feature body 1
A163: Feature image 1
A165: Feature title 2
A166: Feature body 2
A167: Feature image 2
... A171: Feature image 3
A173: Tire Name | B173: (get from 2. Master Tire Specs, Col B)
B175: Size | C175: Ply | D175: Rim Width | E175: Section Width | F175: Overall Diameter | H175: Tread Depth | J175: Max. Load (Single) | N175: Max. Load (Dual) | R175: LI/SS | S175: Smartway | T175: M+S | U175: 3PMSF
B176: {='2. Master Tire Specs '!C340:V342} | C176: 0 | D176: 0 | E176: 0 | F176: 0 | G176: 0 | H176: 0 | I176: 0 | J176: 0 | K176: 0 | L176: 0 | M176: 0 | N176: 0 | O176: 0 | P176: 0 | Q176: 0 | R176: 0 | S176: 0 | T176: 0 | U176: 0
B177: 0 | C177: 0 | D177: 0 | E177: 0 | F177: 0 | G177: 0 | H177: 0 | I177: 0 | J177: 0 | K177: 0 | L177: 0 | M177: 0 | N177: 0 | O177: 0 | P177: 0 | Q177: 0 | R177: 0 | S177: 0 | T177: 0 | U177: 0
B178: 0 | C178: 0 | D178: 0 | E178: 0 | F178: 0 | G178: 0 | H178: 0 | I178: 0 | J178: 0 | K178: 0 | L178: 0 | M178: 0 | N178: 0 | O178: 0 | P178: 0 | Q178: 0 | R178: 0 | S178: 0 | T178: 0 | U178: 0
A181: Segment/Category
A182: subtitle
A184: Tire hero image
A185: bgTruck
A186: pos
...
